<?xml version="1.0" encoding="UTF-8"?>
<project-private xmlns="http://www.netbeans.org/ns/project-private/1">
    <editor-bookmarks xmlns="http://www.netbeans.org/ns/editor-bookmarks/2" lastBookmarkId="0"/>
    <open-files xmlns="http://www.netbeans.org/ns/projectui-open-files/2">
        <group>
            <file>file:/D:/Documentos/NetBeansProjects/ProyectoAlpha/Guacamole/src/interfaces/Registro.java</file>
            <file>file:/D:/Documentos/NetBeansProjects/ProyectoAlpha/Guacamole/src/cliente/Guacamole.java</file>
            <file>file:/D:/Documentos/NetBeansProjects/ProyectoAlpha/Guacamole/src/cliente/ClienteRMI.java</file>
            <file>file:/D:/Documentos/NetBeansProjects/ProyectoAlpha/Guacamole/src/servidor/Juego.java</file>
            <file>file:/D:/Documentos/NetBeansProjects/ProyectoAlpha/Guacamole/src/servidor/ServidorMulticast.java</file>
            <file>file:/D:/Documentos/NetBeansProjects/ProyectoAlpha/Guacamole/src/cliente/GameFrame.java</file>
            <file>file:/D:/Documentos/NetBeansProjects/ProyectoAlpha/Guacamole/src/cliente/Cliente.java</file>
        </group>
    </open-files>
</project-private>
